<?xml version="1.0" encoding="utf-8"?>
<project>
	<!-- NMML reference: https://gist.github.com/1763850 -->
	
	<!-- metadata, make sure 'package' is at least 3 segments (ie. com.mycompany.myproject) -->
	<meta title="Ludum Dare Game" package="net.mkv25.game.LudumDareGame" version="1.0.0" company="mkv25 games" />
	
	<!-- output -->
	<app main="net.mkv25.game.Main" file="LudumDareGame" path="bin" />
	
	<window background="#000000" fps="60" />
	<window width="800" height="500" unless="mobile" />
	<window orientation="landscape" vsync="false" antialiasing="0" if="cpp" />
	
	<!-- classpath, haxe libs -->
	<source path="src" />
	<haxelib name="openfl" />
	<haxelib name="actuate" />
	
	<!-- assets -->
	<icon path="assets/openfl.svg" />
	<assets path="assets/img" rename="img" />
	<assets path="assets/fonts" rename="fonts" />
	<assets path="assets/sounds" rename="sounds" />
	
	<!-- optimize output
	<haxeflag name="-dce full" /> -->
	
</project>